feature,importance
addr_char_len_diff,1257
name_jaro_winkler,1162
addr_levenshtein,1008
name_levenshtein,992
addr_jaccard,983
addr_jaro_winkler,948
name_char_len_diff,889
addr_overlap_ratio,876
addr_digit_count_diff,712
addr_number_jaccard,592
clean_name_levenshtein,511
name_jaccard,503
clean_name_jaro_winkler,479
name_shared_tokens,453
addr_shared_tokens,362
name_token_len_ratio,256
country_is_us,239
name_token_count_diff,207
name_overlap_ratio,207
addr_shared_numbers,187
exact_clean_name_match,87
country_is_india,73
exact_raw_name_match,67
exact_norm_name_match,28
candidate_addr_missing,27
exact_raw_addr_match,4
exact_norm_addr_match,2
exact_country_match,0
country_match,0
country_is_france,0
source_addr_missing,0
both_addr_missing,0
