source1_entity_id,business_name,business_address,country,matched_entity_ids,match_count,match_category
S1-714132312,Zephay Labs Inc,"2621 Cotten Road, Tyler, TX",US,S3-625880872,1,Source 3 Match (n=1)
S1-106407869,Vision Partners Corp,"IA, Iowa City, 1064 Newton Rd, Unit 11",US,"S2-705547832,S3-585937637",2,"Multi-Source Match (S2 & S3, n=2)"
S1-156285671,<< Team Ecole,"175 Boulevard du Président Franklin Roosevelt, Bordeaux, Nouvelle-Aquitaine",France,"S2-364557824,S3-672973403,S3-738587982",3,"Multi-Source Match (S2 & S3, n=3)"
S1-921369899,ZNB Club SARL,"Nouvelle-Aquitaine, La Teste-de-Buch, 5 bis Rue Pierre Dignac",France,"S3-57594330,S2-107533354,S2-808920974,S2-995426671,S3-285097097",5,"Multi-Source Match (S2 & S3, n=5)"
S1-909865979,Cure Seafood,"1325 Brooklyn Walk, Issaquah, WA",US,S2-528901108,1,Source 2 Match (n=1)
S1-742053041,Roongta Sangh,"Bhubaneswar, Sub Plot No.-L6/29, Mahodadhi Bhawan (Next To Iter College) Panchasakha Nagar, Dumuduma, Khordha, Plot No.-780, Orissa",India,"S2-317425677,S2-73207920",2,Source 2 Match (n=2)
S1-479574617,Anupama Estates Pvt Ltd,"26, Ram Nagar, Behind M.C Quarters Near Jagadhri Gate, Ambala City, Haryana",India,"S2-262582939,S2-985539429",2,Source 2 Match (n=2)
S1-680637447,Siliguri Media Pvt Ltd,"S No. 42/2/3, H No. B/5, Santkrupa Niwas, Ramnagar, Pune City, Pune, Maharashtra",India,S3-261988229,1,Source 3 Match (n=1)
S1-365170694,Consulting Sai Nanak Private Limited,"A-115, Freedom Fighter, Enclave Neb Sarai, South Delhi, Delhi",India,S2-487943573,1,Source 2 Match (n=1)
S1-778640743,Blinny Gordon Apex Rate,"100 Hartsdale Avenue, Unit Apartment TPE, Greenburgh, NY",US,"S3-698916948,S2-87750197",2,"Multi-Source Match (S2 & S3, n=2)"
S1-684974736,Garcia Mercury Corp,"600 SE 2nd St, Pelican Rapids, MN",US,S3-894822385,1,Source 3 Match (n=1)
S1-209281220,ZH Plus Private Limited,"37B, Pushtikar Chs Ltd, Shiv Sadan, Near Patel Estate, Jogeshwari (West), Mumbai, Mumbai City, Maharashtra",India,S2-873605695,1,Source 2 Match (n=1)
S1-550154910,Tech Management Private Limited,"H No. 16-2-751/A/70, Kara, Chanchalguda, New Malakpe, Saidabad, Hyderabad, Telangana",India,S2-43467331,1,Source 2 Match (n=1)
S1-704604312,Market Sciences (India) Ltd,"A-15 Phase-10, Shiv Vihar, Karawal Nagar, Delhi",India,S3-7278253,1,Source 3 Match (n=1)
S1-628750886,Grain & Fils,"Lille, 329 Avenue de Dunkerque, Hauts-de-France",France,"S2-406813553,S2-696378102,S3-734992856,S3-159214046",4,"Multi-Source Match (S2 & S3, n=4)"
S1-714038427,Delta Partners Inc,"2202 Brandywood Drive, Murfreesboro, TN",US,"S3-343322433,S3-556092751,S2-9389075",3,"Multi-Source Match (S2 & S3, n=3)"
S1-426194890,Midwest Alliance LLC,"1045 Lazy Acres Road, Protem, MO",US,S2-12575838,1,Source 2 Match (n=1)
S1-123475953,Sankalp India,"New Delhi, South Delhi, Ii Nd Floor Malviya Nagar, Delhi, A-87",India,"S3-669730032,S3-577626649,S2-803364981,S2-111933971",4,"Multi-Source Match (S2 & S3, n=4)"
S1-502376041,Chayan Trading Private Limited,"Flat No 404, Block-1, Rbr Complex, Miyapur Serilingampally Mandal, Hyderabad, Rangareddy, Telangana",India,"S2-408714071,S2-551281247,S2-54256234",3,Source 2 Match (n=3)
S1-594021398,Abohar Logistics Pvt Ltd,"C/O Manoj Kumar St No. 1, Model Town Sunder Nagari, Abohar, Firozpur, Punjab",India,"S3-133279691,S3-686916460",2,Source 3 Match (n=2)
S1-261170522,Reid Can LLC,"1404 Irving Hill Drive, Knightdale, NC",US,S2-470996829,1,Source 2 Match (n=1)
S1-466641145,Elephant Centre EURL,"30 Rue Lachassaigne, Bordeaux, Nouvelle-Aquitaine",France,S3-947342154,1,Source 3 Match (n=1)
S1-99245709,Skyking Enterprise LLP,"A-606, Sankalp Iconic Tower, Near Iscon Cross Roads, S.G. Highway, Ahmedabad, Gujarat",India,"S2-563728223,S3-140946557,S3-539394332",3,"Multi-Source Match (S2 & S3, n=3)"
S1-339015166,Brzee Law Chambers,"No.7Groundfloor, Mhtresidence Green Orchrds Layout, Bannerghttamainroad, Bangalore, Karnataka",India,S2-15078231,1,Source 2 Match (n=1)
S1-614259237,Lilia Prosser Generating LLC,"123 Dorchester Court, Waukegan, IL",US,S3-625725294,1,Source 3 Match (n=1)
S1-334672926,Traify Superior Pharmaceuticals,"19 Laurel Ridge Court, Wallingford, CT",US,"S3-356701721,S2-440961035",2,"Multi-Source Match (S2 & S3, n=2)"
S1-717749279,Saint-Herblain Societe SARL,"5 Impasse Jean Baptiste Clément, Saint-Herblain, Pays de la Loire",France,"S2-51053506,S2-768360552,S3-178555200,S2-475800989,S3-926674871,S3-188429503,S3-206088667,S3-7241692,S3-774105459,S3-423648914,S3-40196306,S2-319754772,S2-706286517",13,"Multi-Source Match (S2 & S3, n=13)"
S1-564662660,"Fregoso, Andrews and Reed Biotech Associates","25246 33 Avenue, Saint Cloud, MN",US,S2-989459301,1,Source 2 Match (n=1)
S1-41643447,R M V Ii Stage Storage Pvt Ltd,"Opp H I G House 233, Dollars Colony I Main, Bangalore, Karnataka, R M V Ii Stage, No. 6",India,"S2-871263672,S3-567773394,S3-622841686,S2-52852294",4,"Multi-Source Match (S2 & S3, n=4)"
S1-581360597,Pediatric Dentistry Pacific Physicians PC,"9121 Susie Lane, Little Rock, AR",US,S3-140202709,1,Source 3 Match (n=1)
S1-244940399,Goenka & Co,"D 2054A Palam Vihar, Gurgaon, Haryana",India,"S2-212658896,S2-747246542,S2-874696367",3,Source 2 Match (n=3)
S1-616465752,Association de Pena,"21 Chemin de la Traverse, Bordeaux, Nouvelle-Aquitaine",France,"S2-324066161,S3-743384209",2,"Multi-Source Match (S2 & S3, n=2)"
S1-762904067,Green Global Private Limited,"F-85, Ist Floor, Lsc, Vardman Mall, Nehru Vihar, Delhi, North Delhi, Delhi",India,S2-820698936,1,Source 2 Match (n=1)
S1-261476747,Securite Darts Sport SARL,"21 Chemin des Réunis, Nantes, Pays de la Loire",France,"S3-255859609,S2-300243886",2,"Multi-Source Match (S2 & S3, n=2)"
S1-816918307,Guru Shiva Technology,"C/O Chandan Mallick, Shop 16 R A Enclave Ground Floor, Howrah, West Bengal",India,"S2-349475651,S2-627029064,S3-927534099",3,"Multi-Source Match (S2 & S3, n=3)"
S1-969300060,Grillons Lycee SAS,"Bordeaux, 154 BD du President Wilson, Nouvelle-Aquitaine",France,"S2-549617192,S3-986110458",2,"Multi-Source Match (S2 & S3, n=2)"
S1-930501805,"Ortiz Direct Rent, LLC","1N 231 Blue Jay Court, Carol Stream, IL",US,"S3-391330203,S2-440187663",2,"Multi-Source Match (S2 & S3, n=2)"
S1-802731895,Bright Builders Private Limited,"Karnataka, Bangalore, Plot No 115, Bangalore, 7Th Main, 3Rd Cross, 3Rd Phase, 1St Floor, Peenya Industrial Area",India,S2-940583206,1,Source 2 Match (n=1)
S1-39733947,"Laon Equity Partners, Inc","604 King Street, Boone, NC",US,"S3-620721706,S2-580478795",2,"Multi-Source Match (S2 & S3, n=2)"
S1-269499779,Sky Techno Public Limited,"Karnataka, No.14, Ist Floor, Kempannanavara Thota Kanakanagar, Vijayanagar North, Bangalore",India,S3-317413229,1,Source 3 Match (n=1)
S1-689823050,Red Perfect Trading,"Mirzapur, Ews 12, Uttar Pradesh, Mirzapursadar, Awas Vikas Colony",India,,0,Singleton (No Match)
S1-481669221,Nandlal Kisan LLP,"D-61 Ifs Apartmentmayur Vihar I, New Delhi, East Delhi, Delhi",India,,0,Singleton (No Match)
S1-280204013,Om Constructions Pvt Ltd,"Karauli, Rajasthan, Karauli, Pani Ki Tanki Ke Pas Choubepada",India,,0,Singleton (No Match)
S1-913506265,Thermal & Fils SASU,"20 Rue Parmentier, Dunkerque, Hauts-de-France",France,,0,Singleton (No Match)
S1-870190130,Naman Trust,"60 Kashipuri Kabirkhedi, Indore, Madhya Pradesh",India,,0,Singleton (No Match)
S1-378191895,East Marketing Private Limited,"Howrah, 2, West Bengal, India Exchange Place, 2Nd Floor, Room 13, Kolkata",India,,0,Singleton (No Match)
S1-750279127,Sra Export,"A-73, Lajpat Nagar-I, New Delhi, South Delhi, Delhi",India,,0,Singleton (No Match)
S1-897975128,Prime Aditya Agro,"1-76, Brahmanapalli Village, Andole Mandal, Jogipet, Medak, Telangana",India,,0,Singleton (No Match)
S1-122385784,Castaneda Capital LLC,"105 Paula Boulevard, Brookhaven, NY",US,,0,Singleton (No Match)
S1-540642140,Tri-State Network,"3105 Stonegate Drive, Paragould, AR",US,,0,Singleton (No Match)
S1-444801830,Site Win Private Limited,"F-47 501 Rasta Peth Pune, Pune, Maharashtra",India,,0,Singleton (No Match)
S1-385801270,Maison de Santé Generation,"30 Rue Louis Thénard, Saint-Nazaire, Pays de la Loire",France,,0,Singleton (No Match)
S1-946184931,Quartz L.L.C.,"56 Rock Hill Circle, NC, Asheville, Unit 65",US,,0,Singleton (No Match)
S1-874436225,Galaxy Power Private Limited,"Shop No 4-5-13-14 Paras Plaza, K C Jain Nagar, Ratnagiri, Ratnagiri, Maharashtra",India,,0,Singleton (No Match)
S1-52153457,Indo Infrastructure Private Limited,"N 161 A, Saira Tower, 3Rd Floor Commercial Complex Gulmohar Enclave, New Delhi, South Delhi, Delhi",India,,0,Singleton (No Match)
S1-867332501,Crystal Wear Pvt Ltd,"Ward No.- 4, Raj Palace, Juran Chapra Road No.- 3, P.S-Brahmpura, Muzaffarpur, Bihar",India,,0,Singleton (No Match)
S1-474452362,Crystal Complete Vaneck,"OH, Portsmouth, 1716 Timmonds Avenue",US,,0,Singleton (No Match)
S1-807424751,Kandivali West Care Limited,"Mumbai City, 401, Maharashtra, Tower D, Orchid Suburbia, Off M. G. Road, Link Road, Kandivali West",India,,0,Singleton (No Match)
S1-574528784,Federal Owl,"95-26 243rd Street, Hempstead, NY",US,,0,Singleton (No Match)
S1-684202485,Super Anand Construction Private Limited,"No. 2776, 21St Main Road, 1St Sector Hsr Layout, Bangalore, Karnataka",India,,0,Singleton (No Match)
